"","District.","Property.Type.","Date.","avg_psf","observations","within_second_half"
"1","D1","Apartment","2021-10",2126.5,18,FALSE
"2","D1","Apartment","2021-11",2012.91176470588,34,FALSE
"3","D1","Apartment","2021-12",2072,32,FALSE
"4","D1","Apartment","2022-01",1998.57142857143,21,FALSE
"5","D1","Apartment","2022-02",2126.14285714286,7,FALSE
"6","D1","Apartment","2022-03",2197.76923076923,13,FALSE
"7","D1","Apartment","2022-04",2088.2,15,TRUE
"8","D1","Apartment","2022-05",2148.05555555556,18,TRUE
"9","D1","Apartment","2022-06",2060,12,TRUE
"10","D1","Apartment","2022-07",1896.47368421053,19,TRUE
"11","D1","Apartment","2022-08",2025.88235294118,17,TRUE
"12","D1","Apartment","2022-09",1985.6,10,TRUE
"13","D1","Apartment","2022-10",1859,4,TRUE
"14","D1","Condominium","2021-10",2059.5,2,FALSE
"15","D1","Condominium","2021-11",2304.66666666667,3,FALSE
"16","D1","Condominium","2021-12",2084,5,FALSE
"17","D1","Condominium","2022-01",2652,1,FALSE
"18","D1","Condominium","2022-02",1907,1,FALSE
"19","D1","Condominium","2022-03",1944.75,4,FALSE
"20","D1","Condominium","2022-05",2001.33333333333,3,TRUE
"21","D1","Condominium","2022-06",2322.5,6,TRUE
"22","D1","Condominium","2022-07",1952,1,TRUE
"23","D1","Condominium","2022-08",1991.33333333333,3,TRUE
"24","D1","Condominium","2022-09",1954,1,TRUE
"25","D1","Condominium","2022-10",1958,1,TRUE
"26","D10","Apartment","2021-10",1923.70588235294,17,FALSE
"27","D10","Apartment","2021-11",1959.58620689655,29,FALSE
"28","D10","Apartment","2021-12",1956.44827586207,29,FALSE
"29","D10","Apartment","2022-01",2222.125,16,FALSE
"30","D10","Apartment","2022-02",2025.9,10,FALSE
"31","D10","Apartment","2022-03",1952.66666666667,18,FALSE
"32","D10","Apartment","2022-04",2211.2,20,TRUE
"33","D10","Apartment","2022-05",2068.07142857143,14,TRUE
"34","D10","Apartment","2022-06",2038.47368421053,19,TRUE
"35","D10","Apartment","2022-07",2040.27777777778,18,TRUE
"36","D10","Apartment","2022-08",1911.11764705882,17,TRUE
"37","D10","Apartment","2022-09",2279.76923076923,26,TRUE
"38","D10","Apartment","2022-10",2238.09090909091,11,TRUE
"39","D10","Condominium","2021-10",2135.74358974359,78,FALSE
"40","D10","Condominium","2021-11",1991.80769230769,52,FALSE
"41","D10","Condominium","2021-12",1986.98181818182,55,FALSE
"42","D10","Condominium","2022-01",1885.2,35,FALSE
"43","D10","Condominium","2022-02",2139.8,30,FALSE
"44","D10","Condominium","2022-03",2388.87804878049,41,FALSE
"45","D10","Condominium","2022-04",2271.49253731343,67,TRUE
"46","D10","Condominium","2022-05",2244.81967213115,61,TRUE
"47","D10","Condominium","2022-06",2132.85454545455,55,TRUE
"48","D10","Condominium","2022-07",2235.61016949153,59,TRUE
"49","D10","Condominium","2022-08",2204.28571428571,70,TRUE
"50","D10","Condominium","2022-09",2149.84,50,TRUE
"51","D10","Condominium","2022-10",2494.44827586207,29,TRUE
"52","D10","Detached","2021-10",1678.75,8,FALSE
"53","D10","Detached","2021-11",2000.2,5,FALSE
"54","D10","Detached","2021-12",1618.6,5,FALSE
"55","D10","Detached","2022-01",2033.4,5,FALSE
"56","D10","Detached","2022-02",1730.125,8,FALSE
"57","D10","Detached","2022-03",2524.66666666667,3,FALSE
"58","D10","Detached","2022-04",1493,2,TRUE
"59","D10","Detached","2022-05",1738.25,4,TRUE
"60","D10","Detached","2022-06",1278.57142857143,7,TRUE
"61","D10","Detached","2022-07",2207.8,5,TRUE
"62","D10","Detached","2022-08",2050.75,4,TRUE
"63","D10","Detached","2022-09",2079.66666666667,6,TRUE
"64","D10","Detached","2022-10",1833,1,TRUE
"65","D10","Semi-detached","2021-10",2051.77777777778,9,FALSE
"66","D10","Semi-detached","2021-11",1739.8,10,FALSE
"67","D10","Semi-detached","2021-12",1651.21428571429,14,FALSE
"68","D10","Semi-detached","2022-01",2243,4,FALSE
"69","D10","Semi-detached","2022-02",1717.66666666667,6,FALSE
"70","D10","Semi-detached","2022-03",1596.25,8,FALSE
"71","D10","Semi-detached","2022-04",1521.8,5,TRUE
"72","D10","Semi-detached","2022-05",1827.41666666667,12,TRUE
"73","D10","Semi-detached","2022-06",1690,10,TRUE
"74","D10","Semi-detached","2022-07",1893.42857142857,7,TRUE
"75","D10","Semi-detached","2022-08",2199.66666666667,6,TRUE
"76","D10","Semi-detached","2022-09",1834.5,8,TRUE
"77","D10","Semi-detached","2022-10",2286,1,TRUE
"78","D10","Terrace","2021-10",1459,6,FALSE
"79","D10","Terrace","2021-11",2524,2,FALSE
"80","D10","Terrace","2021-12",1786,4,FALSE
"81","D10","Terrace","2022-01",1814,2,FALSE
"82","D10","Terrace","2022-02",1384,3,FALSE
"83","D10","Terrace","2022-03",2568,1,FALSE
"84","D10","Terrace","2022-04",1744.5,4,TRUE
"85","D10","Terrace","2022-05",1312.42857142857,7,TRUE
"86","D10","Terrace","2022-06",970,2,TRUE
"87","D10","Terrace","2022-07",2449.33333333333,3,TRUE
"88","D10","Terrace","2022-08",1025,2,TRUE
"89","D10","Terrace","2022-09",2278,2,TRUE
"90","D10","Terrace","2022-10",1719,2,TRUE
"91","D11","Detached","2021-10",1596.5,2,FALSE
"92","D11","Detached","2021-11",1740.4,5,FALSE
"93","D11","Detached","2021-12",2186,4,FALSE
"94","D11","Detached","2022-01",2036.25,4,FALSE
"95","D11","Detached","2022-02",1427.5,4,FALSE
"96","D11","Detached","2022-03",1859.71428571429,7,FALSE
"97","D11","Detached","2022-04",1813.5,6,TRUE
"98","D11","Detached","2022-05",1545,2,TRUE
"99","D11","Detached","2022-06",1290,2,TRUE
"100","D11","Detached","2022-07",2258,3,TRUE
"101","D11","Detached","2022-08",2123,2,TRUE
"102","D11","Detached","2022-09",1790.5,2,TRUE
"103","D11","Semi-detached","2021-10",1268.5,6,FALSE
"104","D11","Semi-detached","2021-11",1014,6,FALSE
"105","D11","Semi-detached","2021-12",1092,2,FALSE
"106","D11","Semi-detached","2022-01",1945,5,FALSE
"107","D11","Semi-detached","2022-02",1381.16666666667,6,FALSE
"108","D11","Semi-detached","2022-03",2132,4,FALSE
"109","D11","Semi-detached","2022-04",1571.44444444444,9,TRUE
"110","D11","Semi-detached","2022-05",1288.22222222222,9,TRUE
"111","D11","Semi-detached","2022-06",1397.5,2,TRUE
"112","D11","Semi-detached","2022-07",1612.5,6,TRUE
"113","D11","Semi-detached","2022-08",2377,2,TRUE
"114","D11","Semi-detached","2022-09",1955.6,5,TRUE
"115","D11","Semi-detached","2022-10",2120.5,2,TRUE
"116","D11","Terrace","2021-10",919.666666666667,3,FALSE
"117","D11","Terrace","2021-11",1687.33333333333,3,FALSE
"118","D11","Terrace","2021-12",2636.5,2,FALSE
"119","D11","Terrace","2022-01",1510.5,2,FALSE
"120","D11","Terrace","2022-03",1551.33333333333,3,FALSE
"121","D11","Terrace","2022-04",1640.5,2,TRUE
"122","D11","Terrace","2022-05",2174.5,2,TRUE
"123","D11","Terrace","2022-06",2256.57142857143,7,TRUE
"124","D11","Terrace","2022-07",1505.75,4,TRUE
"125","D11","Terrace","2022-08",2031.66666666667,3,TRUE
"126","D11","Terrace","2022-09",1945,2,TRUE
"127","D11","Terrace","2022-10",2879,2,TRUE
"128","D12","Detached","2021-10",254,1,FALSE
"129","D12","Terrace","2021-10",1957,1,FALSE
"130","D12","Terrace","2021-11",937.5,2,FALSE
"131","D12","Terrace","2021-12",1560.5,2,FALSE
"132","D12","Terrace","2022-04",966,1,TRUE
"133","D12","Terrace","2022-05",2765,2,TRUE
"134","D12","Terrace","2022-06",1675,2,TRUE
"135","D12","Terrace","2022-08",2397,2,TRUE
"136","D12","Terrace","2022-09",2178,1,TRUE
"137","D13","Detached","2021-10",721.5,4,FALSE
"138","D13","Detached","2021-11",762.5,2,FALSE
"139","D13","Detached","2021-12",1186.5,2,FALSE
"140","D13","Detached","2022-01",1035.5,2,FALSE
"141","D13","Detached","2022-02",1668,1,FALSE
"142","D13","Detached","2022-03",1184.33333333333,3,FALSE
"143","D13","Detached","2022-04",941,1,TRUE
"144","D13","Detached","2022-05",1119.5,2,TRUE
"145","D13","Detached","2022-06",1220,1,TRUE
"146","D13","Detached","2022-07",1536,3,TRUE
"147","D13","Detached","2022-10",1852,1,TRUE
"148","D13","Semi-detached","2021-10",930.5,2,FALSE
"149","D13","Semi-detached","2021-11",1279,1,FALSE
"150","D13","Semi-detached","2021-12",1410.66666666667,3,FALSE
"151","D13","Semi-detached","2022-02",1011,1,FALSE
"152","D13","Semi-detached","2022-03",1416,1,FALSE
"153","D13","Semi-detached","2022-04",1582,1,TRUE
"154","D13","Semi-detached","2022-05",1683.5,2,TRUE
"155","D13","Semi-detached","2022-06",1972.5,2,TRUE
"156","D13","Semi-detached","2022-07",1597,3,TRUE
"157","D13","Semi-detached","2022-08",1533,1,TRUE
"158","D13","Semi-detached","2022-10",1165,1,TRUE
"159","D13","Terrace","2021-10",2316.25,4,FALSE
"160","D13","Terrace","2021-11",2011,5,FALSE
"161","D13","Terrace","2021-12",1684.66666666667,6,FALSE
"162","D13","Terrace","2022-01",1676,2,FALSE
"163","D13","Terrace","2022-03",1638.66666666667,3,FALSE
"164","D13","Terrace","2022-04",1789.66666666667,6,TRUE
"165","D13","Terrace","2022-05",1922.25,4,TRUE
"166","D13","Terrace","2022-06",2232,1,TRUE
"167","D13","Terrace","2022-07",1884.83333333333,6,TRUE
"168","D13","Terrace","2022-08",2129.44444444444,9,TRUE
"169","D13","Terrace","2022-09",1989.66666666667,3,TRUE
"170","D14","Detached","2021-11",1269,1,FALSE
"171","D14","Detached","2022-03",1167,1,FALSE
"172","D14","Detached","2022-05",1191,1,TRUE
"173","D14","Detached","2022-08",1200,1,TRUE
"174","D14","Semi-detached","2021-10",1375.5,2,FALSE
"175","D14","Semi-detached","2021-11",1329.5,2,FALSE
"176","D14","Semi-detached","2021-12",1101,1,FALSE
"177","D14","Semi-detached","2022-01",1155.5,4,FALSE
"178","D14","Semi-detached","2022-03",1420.33333333333,3,FALSE
"179","D14","Semi-detached","2022-04",1377.5,4,TRUE
"180","D14","Semi-detached","2022-05",1786,1,TRUE
"181","D14","Semi-detached","2022-06",1303.5,2,TRUE
"182","D14","Semi-detached","2022-08",1560,1,TRUE
"183","D14","Terrace","2021-10",1217.2,5,FALSE
"184","D14","Terrace","2021-11",1694.57142857143,7,FALSE
"185","D14","Terrace","2021-12",1692.16666666667,6,FALSE
"186","D14","Terrace","2022-01",1338,1,FALSE
"187","D14","Terrace","2022-02",1428.5,2,FALSE
"188","D14","Terrace","2022-03",1846,1,FALSE
"189","D14","Terrace","2022-04",1696.2,5,TRUE
"190","D14","Terrace","2022-05",2195.33333333333,3,TRUE
"191","D14","Terrace","2022-06",1847.25,4,TRUE
"192","D14","Terrace","2022-07",1774.5,2,TRUE
"193","D14","Terrace","2022-08",1396.75,4,TRUE
"194","D14","Terrace","2022-09",2040,6,TRUE
"195","D14","Terrace","2022-10",1614,2,TRUE
"196","D15","Detached","2021-10",1268.16666666667,6,FALSE
"197","D15","Detached","2021-11",1431.14285714286,7,FALSE
"198","D15","Detached","2021-12",1654.2,5,FALSE
"199","D15","Detached","2022-01",1628.33333333333,6,FALSE
"200","D15","Detached","2022-02",1316.5,2,FALSE
"201","D15","Detached","2022-03",1513.66666666667,3,FALSE
"202","D15","Detached","2022-04",1423,5,TRUE
"203","D15","Detached","2022-05",2223,1,TRUE
"204","D15","Detached","2022-06",1722,6,TRUE
"205","D15","Detached","2022-07",1464,1,TRUE
"206","D15","Detached","2022-08",1393.5,2,TRUE
"207","D15","Detached","2022-10",1373,1,TRUE
"208","D15","Semi-detached","2021-10",1618.88888888889,9,FALSE
"209","D15","Semi-detached","2021-11",1891.57142857143,7,FALSE
"210","D15","Semi-detached","2021-12",1554.25,4,FALSE
"211","D15","Semi-detached","2022-01",1491.25,4,FALSE
"212","D15","Semi-detached","2022-02",1763.75,8,FALSE
"213","D15","Semi-detached","2022-03",1737,7,FALSE
"214","D15","Semi-detached","2022-04",1732.66666666667,9,TRUE
"215","D15","Semi-detached","2022-05",1761.7,10,TRUE
"216","D15","Semi-detached","2022-06",1794.2,5,TRUE
"217","D15","Semi-detached","2022-07",1835.5,4,TRUE
"218","D15","Semi-detached","2022-08",2154,1,TRUE
"219","D15","Semi-detached","2022-09",1852.71428571429,7,TRUE
"220","D15","Semi-detached","2022-10",1715.5,4,TRUE
"221","D15","Terrace","2021-10",1711.66666666667,15,FALSE
"222","D15","Terrace","2021-11",1750.89285714286,28,FALSE
"223","D15","Terrace","2021-12",1697.90909090909,22,FALSE
"224","D15","Terrace","2022-01",1764.58333333333,12,FALSE
"225","D15","Terrace","2022-02",1901.77777777778,9,FALSE
"226","D15","Terrace","2022-03",1858.66666666667,9,FALSE
"227","D15","Terrace","2022-04",1933.9,10,TRUE
"228","D15","Terrace","2022-05",1940,10,TRUE
"229","D15","Terrace","2022-06",1830,15,TRUE
"230","D15","Terrace","2022-07",2248.54545454545,11,TRUE
"231","D15","Terrace","2022-08",2004.5,6,TRUE
"232","D15","Terrace","2022-09",1955.11111111111,9,TRUE
"233","D15","Terrace","2022-10",1570.66666666667,6,TRUE
"234","D16","Apartment","2021-10",1230,9,FALSE
"235","D16","Apartment","2021-11",1392.5,6,FALSE
"236","D16","Apartment","2021-12",1359.625,8,FALSE
"237","D16","Apartment","2022-01",1187.85714285714,7,FALSE
"238","D16","Apartment","2022-02",1109.33333333333,6,FALSE
"239","D16","Apartment","2022-03",1324.625,8,FALSE
"240","D16","Apartment","2022-04",1397.16666666667,12,TRUE
"241","D16","Apartment","2022-05",1354.6,10,TRUE
"242","D16","Apartment","2022-06",1227.4,5,TRUE
"243","D16","Apartment","2022-07",1188.16666666667,6,TRUE
"244","D16","Apartment","2022-08",1482,8,TRUE
"245","D16","Apartment","2022-09",1417.25,8,TRUE
"246","D16","Apartment","2022-10",1156,3,TRUE
"247","D16","Condominium","2021-10",1209.10666666667,75,FALSE
"248","D16","Condominium","2021-11",1225.68571428571,70,FALSE
"249","D16","Condominium","2021-12",1201.54545454545,66,FALSE
"250","D16","Condominium","2022-01",1183.62745098039,51,FALSE
"251","D16","Condominium","2022-02",1228.89361702128,47,FALSE
"252","D16","Condominium","2022-03",1269.73913043478,69,FALSE
"253","D16","Condominium","2022-04",1216.44615384615,65,TRUE
"254","D16","Condominium","2022-05",1266.79032258065,62,TRUE
"255","D16","Condominium","2022-06",1341.65079365079,63,TRUE
"256","D16","Condominium","2022-07",1343.11764705882,51,TRUE
"257","D16","Condominium","2022-08",1298.11666666667,60,TRUE
"258","D16","Condominium","2022-09",1367.375,56,TRUE
"259","D16","Condominium","2022-10",1283.46428571429,28,TRUE
"260","D16","Detached","2021-11",1457,1,FALSE
"261","D16","Detached","2021-12",1385,1,FALSE
"262","D16","Detached","2022-01",1089.75,4,FALSE
"263","D16","Detached","2022-02",1050,2,FALSE
"264","D16","Detached","2022-03",843,1,FALSE
"265","D16","Detached","2022-05",1092.5,2,TRUE
"266","D16","Detached","2022-08",1089,1,TRUE
"267","D16","Detached","2022-09",1510,1,TRUE
"268","D16","Semi-detached","2021-10",908.363636363636,11,FALSE
"269","D16","Semi-detached","2021-11",1093.07692307692,13,FALSE
"270","D16","Semi-detached","2021-12",1029.66666666667,9,FALSE
"271","D16","Semi-detached","2022-01",425,1,FALSE
"272","D16","Semi-detached","2022-02",1240.66666666667,3,FALSE
"273","D16","Semi-detached","2022-03",1366,5,FALSE
"274","D16","Semi-detached","2022-04",1054.3,10,TRUE
"275","D16","Semi-detached","2022-05",1048.57142857143,7,TRUE
"276","D16","Semi-detached","2022-06",1462.28571428571,7,TRUE
"277","D16","Semi-detached","2022-07",1049,1,TRUE
"278","D16","Semi-detached","2022-08",1242,4,TRUE
"279","D16","Semi-detached","2022-09",1243,7,TRUE
"280","D16","Semi-detached","2022-10",1432.5,2,TRUE
"281","D16","Terrace","2021-10",1231.76923076923,13,FALSE
"282","D16","Terrace","2021-11",1121.25,12,FALSE
"283","D16","Terrace","2021-12",1091.625,8,FALSE
"284","D16","Terrace","2022-01",1128.2,5,FALSE
"285","D16","Terrace","2022-02",1155.28571428571,7,FALSE
"286","D16","Terrace","2022-03",1288.84615384615,13,FALSE
"287","D16","Terrace","2022-04",1155,9,TRUE
"288","D16","Terrace","2022-05",1164,6,TRUE
"289","D16","Terrace","2022-06",1762.42857142857,7,TRUE
"290","D16","Terrace","2022-07",1528.27272727273,11,TRUE
"291","D16","Terrace","2022-08",1105.75,8,TRUE
"292","D16","Terrace","2022-09",1476,4,TRUE
"293","D16","Terrace","2022-10",1473,6,TRUE
"294","D17","Apartment","2022-01",1218,2,FALSE
"295","D17","Apartment","2022-02",1236.25,4,FALSE
"296","D17","Apartment","2022-03",1052.66666666667,3,FALSE
"297","D17","Apartment","2022-05",1307,4,TRUE
"298","D17","Apartment","2022-07",1337.5,2,TRUE
"299","D17","Apartment","2022-08",1269,1,TRUE
"300","D17","Apartment","2022-09",1765,1,TRUE
"301","D17","Apartment","2022-10",1158,1,TRUE
"302","D17","Condominium","2021-10",977.745454545455,55,FALSE
"303","D17","Condominium","2021-11",982.525,40,FALSE
"304","D17","Condominium","2021-12",992.833333333333,48,FALSE
"305","D17","Condominium","2022-01",996.290322580645,31,FALSE
"306","D17","Condominium","2022-02",1022.03225806452,31,FALSE
"307","D17","Condominium","2022-03",1005.84375,32,FALSE
"308","D17","Condominium","2022-04",1054.38461538462,26,TRUE
"309","D17","Condominium","2022-05",1027.66666666667,18,TRUE
"310","D17","Condominium","2022-06",1045.62162162162,37,TRUE
"311","D17","Condominium","2022-07",1052.14814814815,27,TRUE
"312","D17","Condominium","2022-08",1082.31034482759,29,TRUE
"313","D17","Condominium","2022-09",1078.34782608696,23,TRUE
"314","D17","Condominium","2022-10",1128,12,TRUE
"315","D17","Detached","2021-10",1153,1,FALSE
"316","D17","Detached","2021-11",993,3,FALSE
"317","D17","Detached","2021-12",1067,1,FALSE
"318","D17","Detached","2022-02",642,1,FALSE
"319","D17","Detached","2022-04",632,1,TRUE
"320","D17","Detached","2022-05",873.5,2,TRUE
"321","D17","Detached","2022-09",673,1,TRUE
"322","D17","Semi-detached","2021-11",1046.5,2,FALSE
"323","D17","Semi-detached","2022-01",970,1,FALSE
"324","D17","Semi-detached","2022-03",1121,2,FALSE
"325","D17","Semi-detached","2022-05",1335,1,TRUE
"326","D17","Semi-detached","2022-06",1078,2,TRUE
"327","D17","Semi-detached","2022-07",1212.33333333333,3,TRUE
"328","D17","Semi-detached","2022-08",930,1,TRUE
"329","D17","Semi-detached","2022-09",1176,1,TRUE
"330","D17","Terrace","2021-10",1217.9,10,FALSE
"331","D17","Terrace","2021-11",1212.8,5,FALSE
"332","D17","Terrace","2021-12",985.6,5,FALSE
"333","D17","Terrace","2022-01",1198.2,5,FALSE
"334","D17","Terrace","2022-02",1118.4,5,FALSE
"335","D17","Terrace","2022-03",1130,2,FALSE
"336","D17","Terrace","2022-04",1004,2,TRUE
"337","D17","Terrace","2022-05",1137,3,TRUE
"338","D17","Terrace","2022-06",1140.6,5,TRUE
"339","D17","Terrace","2022-07",1194.75,8,TRUE
"340","D17","Terrace","2022-08",1161.66666666667,3,TRUE
"341","D17","Terrace","2022-09",1379,3,TRUE
"342","D17","Terrace","2022-10",1289.5,2,TRUE
"343","D18","Condominium","2021-10",1036.99319727891,147,FALSE
"344","D18","Condominium","2021-11",1064.20714285714,140,FALSE
"345","D18","Condominium","2021-12",1103.60344827586,116,FALSE
"346","D18","Condominium","2022-01",1106.84905660377,106,FALSE
"347","D18","Condominium","2022-02",1102.67857142857,84,FALSE
"348","D18","Condominium","2022-03",1096.5701754386,114,FALSE
"349","D18","Condominium","2022-04",1112.24,125,TRUE
"350","D18","Condominium","2022-05",1158.2380952381,105,TRUE
"351","D18","Condominium","2022-06",1127.27184466019,103,TRUE
"352","D18","Condominium","2022-07",1128.69791666667,96,TRUE
"353","D18","Condominium","2022-08",1192.03225806452,93,TRUE
"354","D18","Condominium","2022-09",1166.91588785047,107,TRUE
"355","D18","Condominium","2022-10",1167.65454545455,55,TRUE
"356","D18","Detached","2022-03",1145,1,FALSE
"357","D18","Semi-detached","2021-11",1553,1,FALSE
"358","D18","Semi-detached","2022-02",1151,1,FALSE
"359","D18","Semi-detached","2022-03",1074,1,FALSE
"360","D18","Terrace","2021-10",866.5,2,FALSE
"361","D18","Terrace","2021-11",991.333333333333,3,FALSE
"362","D18","Terrace","2021-12",1421.5,2,FALSE
"363","D18","Terrace","2022-02",1207.25,4,FALSE
"364","D18","Terrace","2022-04",1263,2,TRUE
"365","D18","Terrace","2022-05",1041,1,TRUE
"366","D18","Terrace","2022-06",1341.5,2,TRUE
"367","D18","Terrace","2022-07",1322.5,2,TRUE
"368","D18","Terrace","2022-08",639,1,TRUE
"369","D18","Terrace","2022-09",707,1,TRUE
"370","D19","Apartment","2021-10",1199.4375,64,FALSE
"371","D19","Apartment","2021-11",1247.515625,64,FALSE
"372","D19","Apartment","2021-12",1290.359375,64,FALSE
"373","D19","Apartment","2022-01",1328.67346938776,49,FALSE
"374","D19","Apartment","2022-02",1279.36363636364,33,FALSE
"375","D19","Apartment","2022-03",1355.90909090909,66,FALSE
"376","D19","Apartment","2022-04",1341.36470588235,85,TRUE
"377","D19","Apartment","2022-05",1364.63636363636,66,TRUE
"378","D19","Apartment","2022-06",1409.88405797101,69,TRUE
"379","D19","Apartment","2022-07",1376.57142857143,56,TRUE
"380","D19","Apartment","2022-08",1414.38666666667,75,TRUE
"381","D19","Apartment","2022-09",1461.01754385965,57,TRUE
"382","D19","Apartment","2022-10",1418.63414634146,41,TRUE
"383","D19","Condominium","2021-10",1138.20529801325,151,FALSE
"384","D19","Condominium","2021-11",1177.65034965035,143,FALSE
"385","D19","Condominium","2021-12",1166.93142857143,175,FALSE
"386","D19","Condominium","2022-01",1184.36974789916,119,FALSE
"387","D19","Condominium","2022-02",1209.32584269663,89,FALSE
"388","D19","Condominium","2022-03",1234.21487603306,121,FALSE
"389","D19","Condominium","2022-04",1224.1640625,128,TRUE
"390","D19","Condominium","2022-05",1228.78636363636,220,TRUE
"391","D19","Condominium","2022-06",1214.9170984456,193,TRUE
"392","D19","Condominium","2022-07",1276.4696969697,132,TRUE
"393","D19","Condominium","2022-08",1262.51034482759,145,TRUE
"394","D19","Condominium","2022-09",1294.4347826087,138,TRUE
"395","D19","Condominium","2022-10",1287.5303030303,66,TRUE
"396","D19","Detached","2021-10",1093.75,8,FALSE
"397","D19","Detached","2021-11",1166,3,FALSE
"398","D19","Detached","2021-12",1429.16666666667,6,FALSE
"399","D19","Detached","2022-01",1175.66666666667,3,FALSE
"400","D19","Detached","2022-03",1410,2,FALSE
"401","D19","Detached","2022-04",1286,1,TRUE
"402","D19","Detached","2022-05",971,4,TRUE
"403","D19","Detached","2022-06",1159.5,2,TRUE
"404","D19","Detached","2022-07",1015,1,TRUE
"405","D19","Detached","2022-08",1279,3,TRUE
"406","D19","Detached","2022-09",1106,1,TRUE
"407","D19","Detached","2022-10",1161,1,TRUE
"408","D19","Semi-detached","2021-10",1365.375,16,FALSE
"409","D19","Semi-detached","2021-11",1387.57142857143,14,FALSE
"410","D19","Semi-detached","2021-12",1386.25,8,FALSE
"411","D19","Semi-detached","2022-01",1317.33333333333,3,FALSE
"412","D19","Semi-detached","2022-02",1497.33333333333,3,FALSE
"413","D19","Semi-detached","2022-03",1131,9,FALSE
"414","D19","Semi-detached","2022-04",1228.875,8,TRUE
"415","D19","Semi-detached","2022-05",1361.33333333333,6,TRUE
"416","D19","Semi-detached","2022-06",1639.8,5,TRUE
"417","D19","Semi-detached","2022-07",1426.33333333333,6,TRUE
"418","D19","Semi-detached","2022-08",1441.16666666667,6,TRUE
"419","D19","Semi-detached","2022-09",1735.5,6,TRUE
"420","D19","Semi-detached","2022-10",1234.33333333333,3,TRUE
"421","D19","Terrace","2021-10",1440.0625,32,FALSE
"422","D19","Terrace","2021-11",1361.08,25,FALSE
"423","D19","Terrace","2021-12",1454.7037037037,27,FALSE
"424","D19","Terrace","2022-01",1571.52173913043,23,FALSE
"425","D19","Terrace","2022-02",1470.5,12,FALSE
"426","D19","Terrace","2022-03",1390.95454545455,22,FALSE
"427","D19","Terrace","2022-04",1436.53333333333,15,TRUE
"428","D19","Terrace","2022-05",1510.89473684211,19,TRUE
"429","D19","Terrace","2022-06",1560.1,20,TRUE
"430","D19","Terrace","2022-07",1515.82608695652,23,TRUE
"431","D19","Terrace","2022-08",1862.78947368421,19,TRUE
"432","D19","Terrace","2022-09",1667.65,20,TRUE
"433","D19","Terrace","2022-10",1736.5,6,TRUE
"434","D2","Apartment","2021-10",2071.5,18,FALSE
"435","D2","Apartment","2021-11",1944,11,FALSE
"436","D2","Apartment","2021-12",2245.13333333333,15,FALSE
"437","D2","Apartment","2022-01",2050.77777777778,9,FALSE
"438","D2","Apartment","2022-02",1714.8,5,FALSE
"439","D2","Apartment","2022-03",1650,10,FALSE
"440","D2","Apartment","2022-04",2131.14285714286,14,TRUE
"441","D2","Apartment","2022-05",2137.91666666667,12,TRUE
"442","D2","Apartment","2022-06",2361.21428571429,14,TRUE
"443","D2","Apartment","2022-07",2305,9,TRUE
"444","D2","Apartment","2022-08",2111.69230769231,13,TRUE
"445","D2","Apartment","2022-09",1806.07142857143,14,TRUE
"446","D2","Apartment","2022-10",2127.75,8,TRUE
"447","D2","Condominium","2021-11",2110,3,FALSE
"448","D2","Condominium","2022-03",2002,1,FALSE
"449","D2","Condominium","2022-04",2059,1,TRUE
"450","D2","Condominium","2022-05",2170.33333333333,3,TRUE
"451","D2","Condominium","2022-07",2221,1,TRUE
"452","D2","Condominium","2022-09",2155,2,TRUE
"453","D20","Apartment","2021-10",1597.27272727273,11,FALSE
"454","D20","Apartment","2021-11",1397.22222222222,9,FALSE
"455","D20","Apartment","2021-12",1555,13,FALSE
"456","D20","Apartment","2022-01",1497.71428571429,7,FALSE
"457","D20","Apartment","2022-02",1590.33333333333,6,FALSE
"458","D20","Apartment","2022-03",1506.35714285714,14,FALSE
"459","D20","Apartment","2022-04",1400.66666666667,12,TRUE
"460","D20","Apartment","2022-05",1690.4,15,TRUE
"461","D20","Apartment","2022-06",1381.42857142857,14,TRUE
"462","D20","Apartment","2022-07",1486.7,10,TRUE
"463","D20","Apartment","2022-08",1685.57142857143,7,TRUE
"464","D20","Apartment","2022-09",1305,13,TRUE
"465","D20","Condominium","2021-10",1479.7,30,FALSE
"466","D20","Condominium","2021-11",1455.03333333333,30,FALSE
"467","D20","Condominium","2021-12",1563.57142857143,28,FALSE
"468","D20","Condominium","2022-01",1524.33333333333,18,FALSE
"469","D20","Condominium","2022-02",1533.19047619048,21,FALSE
"470","D20","Condominium","2022-03",1530.45833333333,24,FALSE
"471","D20","Condominium","2022-04",1497.15151515152,33,TRUE
"472","D20","Condominium","2022-05",1461.23076923077,26,TRUE
"473","D20","Condominium","2022-06",1517.82142857143,28,TRUE
"474","D20","Condominium","2022-07",1582.24137931034,29,TRUE
"475","D20","Condominium","2022-08",1624.69444444444,36,TRUE
"476","D20","Condominium","2022-09",1638.24242424242,33,TRUE
"477","D20","Condominium","2022-10",1575.27777777778,18,TRUE
"478","D20","Detached","2021-10",1371,1,FALSE
"479","D20","Detached","2021-11",1428,1,FALSE
"480","D20","Detached","2021-12",1340,1,FALSE
"481","D20","Detached","2022-03",1636,1,FALSE
"482","D20","Detached","2022-04",1343.5,2,TRUE
"483","D20","Detached","2022-08",1060,1,TRUE
"484","D20","Semi-detached","2021-10",1383,6,FALSE
"485","D20","Semi-detached","2021-11",1345,3,FALSE
"486","D20","Semi-detached","2021-12",1305.5,2,FALSE
"487","D20","Semi-detached","2022-01",1382,5,FALSE
"488","D20","Semi-detached","2022-02",1466.8,5,FALSE
"489","D20","Semi-detached","2022-03",1450.4,5,FALSE
"490","D20","Semi-detached","2022-04",1257,3,TRUE
"491","D20","Semi-detached","2022-05",1341.33333333333,3,TRUE
"492","D20","Semi-detached","2022-06",1747.75,4,TRUE
"493","D20","Semi-detached","2022-08",1411.4,5,TRUE
"494","D20","Semi-detached","2022-09",1664.5,2,TRUE
"495","D20","Semi-detached","2022-10",1773,1,TRUE
"496","D20","Terrace","2021-10",1516.9,10,FALSE
"497","D20","Terrace","2021-11",1657.3125,16,FALSE
"498","D20","Terrace","2021-12",1985.38461538462,13,FALSE
"499","D20","Terrace","2022-01",1654.6,5,FALSE
"500","D20","Terrace","2022-02",1696.90909090909,11,FALSE
"501","D20","Terrace","2022-03",1772.875,8,FALSE
"502","D20","Terrace","2022-04",1825.90909090909,11,TRUE
"503","D20","Terrace","2022-05",1628.71428571429,7,TRUE
"504","D20","Terrace","2022-06",1583.875,8,TRUE
"505","D20","Terrace","2022-07",1935.375,8,TRUE
"506","D20","Terrace","2022-08",2104.5,6,TRUE
"507","D20","Terrace","2022-09",1834.83333333333,6,TRUE
"508","D20","Terrace","2022-10",2094,5,TRUE
"509","D21","Apartment","2021-10",1315.66666666667,6,FALSE
"510","D21","Apartment","2021-11",1259,9,FALSE
"511","D21","Apartment","2021-12",1388.66666666667,3,FALSE
"512","D21","Apartment","2022-01",1181,5,FALSE
"513","D21","Apartment","2022-02",1072.2,5,FALSE
"514","D21","Apartment","2022-03",1304.16666666667,6,FALSE
"515","D21","Apartment","2022-04",1401.33333333333,15,TRUE
"516","D21","Apartment","2022-05",1278.375,8,TRUE
"517","D21","Apartment","2022-06",1268.77777777778,9,TRUE
"518","D21","Apartment","2022-07",1291.75,4,TRUE
"519","D21","Apartment","2022-08",1202.5,8,TRUE
"520","D21","Apartment","2022-09",1349.2,5,TRUE
"521","D21","Condominium","2021-10",1413.17857142857,28,FALSE
"522","D21","Condominium","2021-11",1471.3,40,FALSE
"523","D21","Condominium","2021-12",1441.66666666667,36,FALSE
"524","D21","Condominium","2022-01",1450.44,25,FALSE
"525","D21","Condominium","2022-02",1560.88888888889,18,FALSE
"526","D21","Condominium","2022-03",1465,27,FALSE
"527","D21","Condominium","2022-04",1534.13513513514,37,TRUE
"528","D21","Condominium","2022-05",1494.19444444444,36,TRUE
"529","D21","Condominium","2022-06",1556.45833333333,24,TRUE
"530","D21","Condominium","2022-07",1549.03703703704,27,TRUE
"531","D21","Condominium","2022-08",1529.07142857143,28,TRUE
"532","D21","Condominium","2022-09",1560.37037037037,27,TRUE
"533","D21","Condominium","2022-10",1796.5,12,TRUE
"534","D21","Detached","2021-10",1243.5,2,FALSE
"535","D21","Detached","2021-11",1609,3,FALSE
"536","D21","Detached","2021-12",1706,2,FALSE
"537","D21","Detached","2022-01",1728,1,FALSE
"538","D21","Detached","2022-03",1617,1,FALSE
"539","D21","Detached","2022-06",1925.5,2,TRUE
"540","D21","Detached","2022-07",1113,2,TRUE
"541","D21","Detached","2022-08",758,1,TRUE
"542","D21","Detached","2022-09",1731,2,TRUE
"543","D21","Semi-detached","2021-10",1671.66666666667,3,FALSE
"544","D21","Semi-detached","2021-11",2032.33333333333,3,FALSE
"545","D21","Semi-detached","2021-12",1740.25,4,FALSE
"546","D21","Semi-detached","2022-01",1620.66666666667,3,FALSE
"547","D21","Semi-detached","2022-02",1679,4,FALSE
"548","D21","Semi-detached","2022-04",1772.71428571429,7,TRUE
"549","D21","Semi-detached","2022-07",1718,1,TRUE
"550","D21","Semi-detached","2022-08",1904,1,TRUE
"551","D21","Semi-detached","2022-09",1885,1,TRUE
"552","D21","Terrace","2021-10",1216.8,5,FALSE
"553","D21","Terrace","2021-11",1246,1,FALSE
"554","D21","Terrace","2021-12",1323.14285714286,7,FALSE
"555","D21","Terrace","2022-01",1572.6,5,FALSE
"556","D21","Terrace","2022-02",1505.5,6,FALSE
"557","D21","Terrace","2022-03",1273.66666666667,3,FALSE
"558","D21","Terrace","2022-04",812,2,TRUE
"559","D21","Terrace","2022-05",1861.5,2,TRUE
"560","D21","Terrace","2022-06",1646,8,TRUE
"561","D21","Terrace","2022-08",1864,2,TRUE
"562","D21","Terrace","2022-09",728,1,TRUE
"563","D22","Apartment","2021-10",1112.5,2,FALSE
"564","D22","Apartment","2021-11",1042,2,FALSE
"565","D22","Apartment","2021-12",1227,1,FALSE
"566","D22","Apartment","2022-01",967.2,5,FALSE
"567","D22","Apartment","2022-02",1190.5,2,FALSE
"568","D22","Apartment","2022-03",1169.4,5,FALSE
"569","D22","Apartment","2022-04",891,1,TRUE
"570","D22","Apartment","2022-05",1312.2,5,TRUE
"571","D22","Apartment","2022-06",1199.5,2,TRUE
"572","D22","Apartment","2022-07",1175.33333333333,3,TRUE
"573","D22","Apartment","2022-08",1295.33333333333,3,TRUE
"574","D22","Apartment","2022-09",999,1,TRUE
"575","D22","Apartment","2022-10",1084,3,TRUE
"576","D22","Condominium","2021-10",1189.36842105263,38,FALSE
"577","D22","Condominium","2021-11",1247.61290322581,31,FALSE
"578","D22","Condominium","2021-12",1193.35294117647,34,FALSE
"579","D22","Condominium","2022-01",1248.475,40,FALSE
"580","D22","Condominium","2022-02",1130.52777777778,36,FALSE
"581","D22","Condominium","2022-03",1180.36363636364,44,FALSE
"582","D22","Condominium","2022-04",1230.975,40,TRUE
"583","D22","Condominium","2022-05",1250.69230769231,39,TRUE
"584","D22","Condominium","2022-06",1250.48648648649,37,TRUE
"585","D22","Condominium","2022-07",1264.13513513514,37,TRUE
"586","D22","Condominium","2022-08",1253.86486486486,37,TRUE
"587","D22","Condominium","2022-09",1330.15384615385,39,TRUE
"588","D22","Condominium","2022-10",1239.90909090909,22,TRUE
"589","D22","Semi-detached","2021-11",936,1,FALSE
"590","D22","Semi-detached","2022-04",861.5,2,TRUE
"591","D22","Semi-detached","2022-06",1045,1,TRUE
"592","D22","Semi-detached","2022-08",973,1,TRUE
"593","D22","Semi-detached","2022-10",925,1,TRUE
"594","D22","Terrace","2021-10",841,6,FALSE
"595","D22","Terrace","2021-11",894,3,FALSE
"596","D22","Terrace","2021-12",1032.5,4,FALSE
"597","D22","Terrace","2022-01",943.666666666667,3,FALSE
"598","D22","Terrace","2022-02",524,1,FALSE
"599","D22","Terrace","2022-03",981,4,FALSE
"600","D22","Terrace","2022-04",1120.66666666667,3,TRUE
"601","D22","Terrace","2022-05",1227,2,TRUE
"602","D22","Terrace","2022-06",1098,1,TRUE
"603","D22","Terrace","2022-07",1121.33333333333,3,TRUE
"604","D22","Terrace","2022-08",1050,6,TRUE
"605","D22","Terrace","2022-09",1110,3,TRUE
"606","D23","Apartment","2021-10",1193.89285714286,28,FALSE
"607","D23","Apartment","2021-11",1040.85,20,FALSE
"608","D23","Apartment","2021-12",1129.15,20,FALSE
"609","D23","Apartment","2022-01",1225.47619047619,21,FALSE
"610","D23","Apartment","2022-02",1156.85,20,FALSE
"611","D23","Apartment","2022-03",1257.63157894737,19,FALSE
"612","D23","Apartment","2022-04",1221.55555555556,18,TRUE
"613","D23","Apartment","2022-05",1377.52941176471,17,TRUE
"614","D23","Apartment","2022-06",1138.90476190476,21,TRUE
"615","D23","Apartment","2022-07",1251.89285714286,28,TRUE
"616","D23","Apartment","2022-08",1226,20,TRUE
"617","D23","Apartment","2022-09",1224.65384615385,26,TRUE
"618","D23","Apartment","2022-10",1387.33333333333,9,TRUE
"619","D23","Condominium","2021-10",1084.18309859155,71,FALSE
"620","D23","Condominium","2021-11",1099.61971830986,71,FALSE
"621","D23","Condominium","2021-12",1087.75,64,FALSE
"622","D23","Condominium","2022-01",1070.64150943396,53,FALSE
"623","D23","Condominium","2022-02",1073.61224489796,49,FALSE
"624","D23","Condominium","2022-03",1087.48936170213,47,FALSE
"625","D23","Condominium","2022-04",1155.37333333333,75,TRUE
"626","D23","Condominium","2022-05",1121.08771929825,57,TRUE
"627","D23","Condominium","2022-06",1172.14285714286,42,TRUE
"628","D23","Condominium","2022-07",1187.28947368421,38,TRUE
"629","D23","Condominium","2022-08",1142.5641025641,39,TRUE
"630","D23","Condominium","2022-09",1165.03773584906,53,TRUE
"631","D23","Condominium","2022-10",1128.24,25,TRUE
"632","D23","Detached","2021-10",1296.5,2,FALSE
"633","D23","Detached","2021-11",672,1,FALSE
"634","D23","Detached","2022-01",826.5,2,FALSE
"635","D23","Detached","2022-03",1304,1,FALSE
"636","D23","Detached","2022-06",945.333333333333,3,TRUE
"637","D23","Detached","2022-08",813,2,TRUE
"638","D23","Detached","2022-09",544,1,TRUE
"639","D23","Semi-detached","2021-10",926,8,FALSE
"640","D23","Semi-detached","2021-11",1549,4,FALSE
"641","D23","Semi-detached","2022-01",785.5,2,FALSE
"642","D23","Semi-detached","2022-02",1377.33333333333,3,FALSE
"643","D23","Semi-detached","2022-03",816.5,4,FALSE
"644","D23","Semi-detached","2022-04",1161.5,4,TRUE
"645","D23","Semi-detached","2022-06",1298.5,2,TRUE
"646","D23","Semi-detached","2022-07",1168.42857142857,7,TRUE
"647","D23","Semi-detached","2022-08",1461,1,TRUE
"648","D23","Semi-detached","2022-09",1334,1,TRUE
"649","D23","Semi-detached","2022-10",1451,1,TRUE
"650","D23","Terrace","2021-10",1576.66666666667,3,FALSE
"651","D23","Terrace","2021-11",1248.14285714286,7,FALSE
"652","D23","Terrace","2021-12",1664,2,FALSE
"653","D23","Terrace","2022-01",1557.33333333333,3,FALSE
"654","D23","Terrace","2022-02",1522,2,FALSE
"655","D23","Terrace","2022-03",1336,2,FALSE
"656","D23","Terrace","2022-04",1627.2,5,TRUE
"657","D23","Terrace","2022-05",1511.2,5,TRUE
"658","D23","Terrace","2022-06",1415,10,TRUE
"659","D23","Terrace","2022-07",1625.33333333333,6,TRUE
"660","D23","Terrace","2022-08",1438.75,8,TRUE
"661","D23","Terrace","2022-09",1563.16666666667,6,TRUE
"662","D23","Terrace","2022-10",1339,4,TRUE
"663","D25","Apartment","2021-11",747,1,FALSE
"664","D25","Apartment","2021-12",847,2,FALSE
"665","D25","Apartment","2022-02",814,1,FALSE
"666","D25","Apartment","2022-03",895,1,FALSE
"667","D25","Apartment","2022-09",801,1,TRUE
"668","D25","Condominium","2021-10",910.15,40,FALSE
"669","D25","Condominium","2021-11",913.608695652174,46,FALSE
"670","D25","Condominium","2021-12",969.285714285714,21,FALSE
"671","D25","Condominium","2022-01",919.352941176471,34,FALSE
"672","D25","Condominium","2022-02",915,16,FALSE
"673","D25","Condominium","2022-03",987.268292682927,41,FALSE
"674","D25","Condominium","2022-04",988.485714285714,35,TRUE
"675","D25","Condominium","2022-05",943.147058823529,34,TRUE
"676","D25","Condominium","2022-06",1051.63043478261,46,TRUE
"677","D25","Condominium","2022-07",1030.0303030303,33,TRUE
"678","D25","Condominium","2022-08",1030.77419354839,31,TRUE
"679","D25","Condominium","2022-09",1020.65384615385,26,TRUE
"680","D25","Condominium","2022-10",1034.58333333333,12,TRUE
"681","D25","Detached","2022-01",587,1,FALSE
"682","D25","Detached","2022-04",959,1,TRUE
"683","D25","Detached","2022-05",552,1,TRUE
"684","D25","Semi-detached","2021-10",732,1,FALSE
"685","D25","Semi-detached","2022-03",941,1,FALSE
"686","D25","Semi-detached","2022-05",858,1,TRUE
"687","D25","Semi-detached","2022-07",735,1,TRUE
"688","D25","Terrace","2021-10",1113,2,FALSE
"689","D25","Terrace","2021-11",1056,3,FALSE
"690","D25","Terrace","2021-12",944.333333333333,6,FALSE
"691","D25","Terrace","2022-01",1223,1,FALSE
"692","D25","Terrace","2022-03",1217,1,FALSE
"693","D25","Terrace","2022-04",938,1,TRUE
"694","D25","Terrace","2022-05",1095,2,TRUE
"695","D25","Terrace","2022-06",1042,1,TRUE
"696","D25","Terrace","2022-07",1270,1,TRUE
"697","D25","Terrace","2022-08",1328,1,TRUE
"698","D25","Terrace","2022-09",872,1,TRUE
"699","D26","Apartment","2021-10",1328.5,2,FALSE
"700","D26","Apartment","2021-11",971,1,FALSE
"701","D26","Apartment","2022-06",1510,2,TRUE
"702","D26","Apartment","2022-07",1013,1,TRUE
"703","D26","Apartment","2022-09",856,1,TRUE
"704","D26","Apartment","2022-10",546,1,TRUE
"705","D26","Condominium","2021-10",1005,4,FALSE
"706","D26","Condominium","2021-11",1096,6,FALSE
"707","D26","Condominium","2021-12",1162.08333333333,12,FALSE
"708","D26","Condominium","2022-01",1102.5,6,FALSE
"709","D26","Condominium","2022-02",1169,2,FALSE
"710","D26","Condominium","2022-03",1246.875,8,FALSE
"711","D26","Condominium","2022-04",1074,9,TRUE
"712","D26","Condominium","2022-05",1161.125,8,TRUE
"713","D26","Condominium","2022-06",1069.5,6,TRUE
"714","D26","Condominium","2022-07",1047.4,5,TRUE
"715","D26","Condominium","2022-08",1231.28571428571,7,TRUE
"716","D26","Condominium","2022-09",1253.88888888889,9,TRUE
"717","D26","Condominium","2022-10",1175.5,6,TRUE
"718","D26","Detached","2021-10",1070,1,FALSE
"719","D26","Detached","2022-09",1347,1,TRUE
"720","D26","Semi-detached","2021-11",1009.8,5,FALSE
"721","D26","Semi-detached","2021-12",1229,3,FALSE
"722","D26","Semi-detached","2022-01",1232,1,FALSE
"723","D26","Semi-detached","2022-02",1137.66666666667,3,FALSE
"724","D26","Semi-detached","2022-03",1083.875,8,FALSE
"725","D26","Semi-detached","2022-04",1057.25,4,TRUE
"726","D26","Semi-detached","2022-05",751.5,2,TRUE
"727","D26","Semi-detached","2022-06",1124.5,2,TRUE
"728","D26","Semi-detached","2022-09",1454,1,TRUE
"729","D26","Terrace","2021-10",1505.5,6,FALSE
"730","D26","Terrace","2021-11",1509.6,5,FALSE
"731","D26","Terrace","2021-12",1810,2,FALSE
"732","D26","Terrace","2022-01",1664.5,2,FALSE
"733","D26","Terrace","2022-02",1631.2,5,FALSE
"734","D26","Terrace","2022-03",1935,2,FALSE
"735","D26","Terrace","2022-04",1658.625,8,TRUE
"736","D26","Terrace","2022-05",1675.66666666667,6,TRUE
"737","D26","Terrace","2022-06",1617.5,4,TRUE
"738","D26","Terrace","2022-07",1656.25,4,TRUE
"739","D26","Terrace","2022-08",1515.14285714286,7,TRUE
"740","D26","Terrace","2022-09",1516.8,5,TRUE
"741","D26","Terrace","2022-10",1379,1,TRUE
"742","D27","Apartment","2021-10",1315.375,8,FALSE
"743","D27","Apartment","2021-11",1352,8,FALSE
"744","D27","Apartment","2021-12",1376,9,FALSE
"745","D27","Apartment","2022-01",1574.16666666667,6,FALSE
"746","D27","Apartment","2022-02",1496.2,5,FALSE
"747","D27","Apartment","2022-03",1383.875,8,FALSE
"748","D27","Apartment","2022-04",1202.2,5,TRUE
"749","D27","Apartment","2022-05",1435.66666666667,6,TRUE
"750","D27","Apartment","2022-06",1448.57142857143,14,TRUE
"751","D27","Apartment","2022-07",1445,8,TRUE
"752","D27","Apartment","2022-08",1429.6,5,TRUE
"753","D27","Apartment","2022-09",1547.85714285714,7,TRUE
"754","D27","Apartment","2022-10",1417.5,2,TRUE
"755","D27","Condominium","2021-10",1008.19672131148,61,FALSE
"756","D27","Condominium","2021-11",1004.01666666667,60,FALSE
"757","D27","Condominium","2021-12",1031.71875,64,FALSE
"758","D27","Condominium","2022-01",1022.3,40,FALSE
"759","D27","Condominium","2022-02",1024.51851851852,27,FALSE
"760","D27","Condominium","2022-03",1034.28846153846,52,FALSE
"761","D27","Condominium","2022-04",1050.05882352941,51,TRUE
"762","D27","Condominium","2022-05",1053,46,TRUE
"763","D27","Condominium","2022-06",1067.075,40,TRUE
"764","D27","Condominium","2022-07",1080.75384615385,65,TRUE
"765","D27","Condominium","2022-08",1075.82352941176,51,TRUE
"766","D27","Condominium","2022-09",1107.275,40,TRUE
"767","D27","Condominium","2022-10",1076.77777777778,18,TRUE
"768","D27","Detached","2021-10",1588,1,FALSE
"769","D27","Detached","2021-11",995,1,FALSE
"770","D27","Detached","2022-03",782.5,2,FALSE
"771","D27","Detached","2022-09",915,1,TRUE
"772","D27","Semi-detached","2021-10",1142,1,FALSE
"773","D27","Semi-detached","2021-11",917,2,FALSE
"774","D27","Semi-detached","2021-12",1189,1,FALSE
"775","D27","Semi-detached","2022-02",1199.66666666667,3,FALSE
"776","D27","Semi-detached","2022-03",1179.33333333333,3,FALSE
"777","D27","Semi-detached","2022-04",1113.33333333333,3,TRUE
"778","D27","Semi-detached","2022-05",1300,1,TRUE
"779","D27","Semi-detached","2022-06",1168,1,TRUE
"780","D27","Semi-detached","2022-08",1290.33333333333,3,TRUE
"781","D27","Semi-detached","2022-09",1110,4,TRUE
"782","D27","Semi-detached","2022-10",1290.5,2,TRUE
"783","D27","Terrace","2021-10",941.714285714286,7,FALSE
"784","D27","Terrace","2021-11",863.875,8,FALSE
"785","D27","Terrace","2021-12",1032.33333333333,3,FALSE
"786","D27","Terrace","2022-01",1087.57142857143,7,FALSE
"787","D27","Terrace","2022-02",1264,3,FALSE
"788","D27","Terrace","2022-03",1250.5,6,FALSE
"789","D27","Terrace","2022-04",1104,7,TRUE
"790","D27","Terrace","2022-05",622,3,TRUE
"791","D27","Terrace","2022-06",1083,2,TRUE
"792","D27","Terrace","2022-07",1090,3,TRUE
"793","D27","Terrace","2022-08",1135.25,4,TRUE
"794","D27","Terrace","2022-09",844.5,4,TRUE
"795","D27","Terrace","2022-10",1016.5,2,TRUE
"796","D28","Apartment","2021-10",1268.8,10,FALSE
"797","D28","Apartment","2021-11",1322,10,FALSE
"798","D28","Apartment","2021-12",1304.15384615385,13,FALSE
"799","D28","Apartment","2022-01",1353.22222222222,9,FALSE
"800","D28","Apartment","2022-02",1389,8,FALSE
"801","D28","Apartment","2022-03",1334.5625,16,FALSE
"802","D28","Apartment","2022-04",1320,13,TRUE
"803","D28","Apartment","2022-05",1325.71428571429,7,TRUE
"804","D28","Apartment","2022-06",1438,7,TRUE
"805","D28","Apartment","2022-07",1374,3,TRUE
"806","D28","Apartment","2022-08",1396.16666666667,6,TRUE
"807","D28","Apartment","2022-09",1368.85714285714,7,TRUE
"808","D28","Apartment","2022-10",1331,3,TRUE
"809","D28","Condominium","2021-10",1078.65217391304,46,FALSE
"810","D28","Condominium","2021-11",1121.28125,32,FALSE
"811","D28","Condominium","2021-12",1143.70454545455,44,FALSE
"812","D28","Condominium","2022-01",1162.09677419355,31,FALSE
"813","D28","Condominium","2022-02",1222.76923076923,26,FALSE
"814","D28","Condominium","2022-03",1117.34615384615,26,FALSE
"815","D28","Condominium","2022-04",1192,38,TRUE
"816","D28","Condominium","2022-05",1197.15151515152,33,TRUE
"817","D28","Condominium","2022-06",1244.93548387097,31,TRUE
"818","D28","Condominium","2022-07",1207.86363636364,22,TRUE
"819","D28","Condominium","2022-08",1275.57142857143,35,TRUE
"820","D28","Condominium","2022-09",1259.38461538462,26,TRUE
"821","D28","Condominium","2022-10",1304.1,10,TRUE
"822","D28","Detached","2021-10",1449,1,FALSE
"823","D28","Detached","2021-11",1290.5,2,FALSE
"824","D28","Detached","2022-03",1045,1,FALSE
"825","D28","Detached","2022-04",1139.66666666667,3,TRUE
"826","D28","Detached","2022-05",783,2,TRUE
"827","D28","Detached","2022-06",965,1,TRUE
"828","D28","Semi-detached","2021-10",1003.77777777778,9,FALSE
"829","D28","Semi-detached","2021-11",1101.375,8,FALSE
"830","D28","Semi-detached","2021-12",1171,5,FALSE
"831","D28","Semi-detached","2022-01",1347.66666666667,3,FALSE
"832","D28","Semi-detached","2022-02",1552,1,FALSE
"833","D28","Semi-detached","2022-03",1205.2,5,FALSE
"834","D28","Semi-detached","2022-04",1224.71428571429,7,TRUE
"835","D28","Semi-detached","2022-05",1093.8,5,TRUE
"836","D28","Semi-detached","2022-06",1316.5,6,TRUE
"837","D28","Semi-detached","2022-07",1331.7,10,TRUE
"838","D28","Semi-detached","2022-08",1245.25,8,TRUE
"839","D28","Semi-detached","2022-09",1038.6,5,TRUE
"840","D28","Semi-detached","2022-10",1076,1,TRUE
"841","D28","Terrace","2021-10",1195.53846153846,13,FALSE
"842","D28","Terrace","2021-11",1365.90909090909,11,FALSE
"843","D28","Terrace","2021-12",1505,7,FALSE
"844","D28","Terrace","2022-01",1209.71428571429,7,FALSE
"845","D28","Terrace","2022-02",1313.77777777778,9,FALSE
"846","D28","Terrace","2022-03",1431.41666666667,12,FALSE
"847","D28","Terrace","2022-04",1458.27272727273,11,TRUE
"848","D28","Terrace","2022-05",1609.75,4,TRUE
"849","D28","Terrace","2022-06",1422.75,4,TRUE
"850","D28","Terrace","2022-07",1680.8,5,TRUE
"851","D28","Terrace","2022-08",1717.14285714286,7,TRUE
"852","D28","Terrace","2022-09",1556.33333333333,6,TRUE
"853","D28","Terrace","2022-10",1762.66666666667,3,TRUE
"854","D3","Apartment","2021-10",1804.75,4,FALSE
"855","D3","Apartment","2021-11",1702.71428571429,7,FALSE
"856","D3","Apartment","2021-12",1710,5,FALSE
"857","D3","Apartment","2022-01",1773.90909090909,11,FALSE
"858","D3","Apartment","2022-02",2202.6,5,FALSE
"859","D3","Apartment","2022-03",2200.45,20,FALSE
"860","D3","Apartment","2022-04",2133.63636363636,11,TRUE
"861","D3","Apartment","2022-05",2042.22222222222,9,TRUE
"862","D3","Apartment","2022-06",2046.84210526316,19,TRUE
"863","D3","Apartment","2022-07",2140.4,5,TRUE
"864","D3","Apartment","2022-08",2089.55555555556,27,TRUE
"865","D3","Apartment","2022-09",1967.1875,16,TRUE
"866","D3","Apartment","2022-10",2051.5,6,TRUE
"867","D3","Condominium","2021-10",1787.28571428571,35,FALSE
"868","D3","Condominium","2021-11",1785.85714285714,35,FALSE
"869","D3","Condominium","2021-12",1713.33333333333,27,FALSE
"870","D3","Condominium","2022-01",1782.6875,16,FALSE
"871","D3","Condominium","2022-02",1728.24,25,FALSE
"872","D3","Condominium","2022-03",1875.48275862069,29,FALSE
"873","D3","Condominium","2022-04",1872.97058823529,34,TRUE
"874","D3","Condominium","2022-05",1794.92857142857,28,TRUE
"875","D3","Condominium","2022-06",1818.24444444444,45,TRUE
"876","D3","Condominium","2022-07",1819.27906976744,43,TRUE
"877","D3","Condominium","2022-08",1876.68965517241,29,TRUE
"878","D3","Condominium","2022-09",1883.71875,32,TRUE
"879","D3","Condominium","2022-10",1896.73333333333,15,TRUE
"880","D3","Detached","2022-01",1226,1,FALSE
"881","D4","Apartment","2022-01",1626,1,FALSE
"882","D4","Condominium","2021-10",1629.94117647059,34,FALSE
"883","D4","Condominium","2021-11",1680.59259259259,27,FALSE
"884","D4","Condominium","2021-12",1749.42857142857,28,FALSE
"885","D4","Condominium","2022-01",1673.85714285714,14,FALSE
"886","D4","Condominium","2022-02",1657.06666666667,15,FALSE
"887","D4","Condominium","2022-03",1677.4,25,FALSE
"888","D4","Condominium","2022-04",1668,44,TRUE
"889","D4","Condominium","2022-05",1646.76923076923,26,TRUE
"890","D4","Condominium","2022-06",1666.53571428571,28,TRUE
"891","D4","Condominium","2022-07",1878.44736842105,38,TRUE
"892","D4","Condominium","2022-08",1876.83333333333,30,TRUE
"893","D4","Condominium","2022-09",1882.09090909091,33,TRUE
"894","D4","Condominium","2022-10",1715.73684210526,19,TRUE
"895","D4","Detached","2021-10",1898,2,FALSE
"896","D4","Detached","2021-11",2164,1,FALSE
"897","D4","Detached","2021-12",1539,2,FALSE
"898","D4","Detached","2022-01",1657,1,FALSE
"899","D4","Detached","2022-02",2231,1,FALSE
"900","D4","Detached","2022-03",2057,1,FALSE
"901","D4","Detached","2022-04",1932,2,TRUE
"902","D4","Detached","2022-05",1434,1,TRUE
"903","D4","Detached","2022-06",1847,2,TRUE
"904","D4","Detached","2022-07",1702.5,2,TRUE
"905","D4","Detached","2022-08",1961,1,TRUE
"906","D4","Detached","2022-09",2020,1,TRUE
"907","D4","Detached","2022-10",2148.5,2,TRUE
"908","D4","Semi-detached","2021-11",1379,1,FALSE
"909","D4","Terrace","2021-10",2260,2,FALSE
"910","D4","Terrace","2022-03",1024,1,FALSE
"911","D4","Terrace","2022-08",1997,1,TRUE
"912","D5","Apartment","2021-10",1559.95454545455,22,FALSE
"913","D5","Apartment","2021-11",1529.81818181818,11,FALSE
"914","D5","Apartment","2021-12",1537.92857142857,28,FALSE
"915","D5","Apartment","2022-01",1606.83333333333,12,FALSE
"916","D5","Apartment","2022-02",1460.45454545455,11,FALSE
"917","D5","Apartment","2022-03",1491.80952380952,21,FALSE
"918","D5","Apartment","2022-04",1568.33333333333,21,TRUE
"919","D5","Apartment","2022-05",1625.07692307692,26,TRUE
"920","D5","Apartment","2022-06",1627.23529411765,17,TRUE
"921","D5","Apartment","2022-07",1590.28125,32,TRUE
"922","D5","Apartment","2022-08",1700.47368421053,19,TRUE
"923","D5","Apartment","2022-09",1546.86666666667,15,TRUE
"924","D5","Apartment","2022-10",1553.6,5,TRUE
"925","D5","Condominium","2021-10",1362.97872340426,47,FALSE
"926","D5","Condominium","2021-11",1360.38181818182,55,FALSE
"927","D5","Condominium","2021-12",1359.97872340426,47,FALSE
"928","D5","Condominium","2022-01",1329.53333333333,30,FALSE
"929","D5","Condominium","2022-02",1336.94444444444,36,FALSE
"930","D5","Condominium","2022-03",1383.46296296296,54,FALSE
"931","D5","Condominium","2022-04",1409.10869565217,46,TRUE
"932","D5","Condominium","2022-05",1431.69387755102,49,TRUE
"933","D5","Condominium","2022-06",1450.72413793103,29,TRUE
"934","D5","Condominium","2022-07",1416.97142857143,35,TRUE
"935","D5","Condominium","2022-08",1397.75,32,TRUE
"936","D5","Condominium","2022-09",1392.12820512821,39,TRUE
"937","D5","Condominium","2022-10",1362.14285714286,21,TRUE
"938","D5","Semi-detached","2021-10",1134.66666666667,3,FALSE
"939","D5","Semi-detached","2021-11",1317.33333333333,3,FALSE
"940","D5","Semi-detached","2021-12",1322.5,4,FALSE
"941","D5","Semi-detached","2022-01",1041,1,FALSE
"942","D5","Semi-detached","2022-02",1074,1,FALSE
"943","D5","Semi-detached","2022-03",1530,1,FALSE
"944","D5","Semi-detached","2022-05",1537,1,TRUE
"945","D5","Semi-detached","2022-06",1269,1,TRUE
"946","D5","Semi-detached","2022-07",1523,2,TRUE
"947","D5","Semi-detached","2022-08",1386,1,TRUE
"948","D5","Semi-detached","2022-09",1406,1,TRUE
"949","D5","Terrace","2021-10",1279.2,5,FALSE
"950","D5","Terrace","2021-11",1280.33333333333,3,FALSE
"951","D5","Terrace","2021-12",1158.33333333333,3,FALSE
"952","D5","Terrace","2022-01",913,2,FALSE
"953","D5","Terrace","2022-02",1585.75,4,FALSE
"954","D5","Terrace","2022-03",1287.66666666667,6,FALSE
"955","D5","Terrace","2022-04",1789,4,TRUE
"956","D5","Terrace","2022-05",1719,3,TRUE
"957","D5","Terrace","2022-06",1780.66666666667,3,TRUE
"958","D5","Terrace","2022-07",1821,1,TRUE
"959","D5","Terrace","2022-08",1620.33333333333,6,TRUE
"960","D5","Terrace","2022-09",1549,2,TRUE
"961","D6","Apartment","2021-11",3116,1,FALSE
"962","D6","Apartment","2022-01",1801,1,FALSE
"963","D6","Apartment","2022-05",3450,1,TRUE
"964","D6","Apartment","2022-09",3862.5,2,TRUE
"965","D7","Apartment","2021-10",2071.54545454545,11,FALSE
"966","D7","Apartment","2021-11",1651,10,FALSE
"967","D7","Apartment","2021-12",1693.61538461538,13,FALSE
"968","D7","Apartment","2022-01",1820.85714285714,7,FALSE
"969","D7","Apartment","2022-02",1747.83333333333,6,FALSE
"970","D7","Apartment","2022-03",1831.28571428571,7,FALSE
"971","D7","Apartment","2022-04",1858.71428571429,7,TRUE
"972","D7","Apartment","2022-05",1658.125,8,TRUE
"973","D7","Apartment","2022-06",2071,4,TRUE
"974","D7","Apartment","2022-07",1920,2,TRUE
"975","D7","Apartment","2022-08",1677.83333333333,6,TRUE
"976","D7","Apartment","2022-09",1687.15384615385,13,TRUE
"977","D7","Apartment","2022-10",2032.5,2,TRUE
"978","D8","Apartment","2021-10",1404.2,10,FALSE
"979","D8","Apartment","2021-11",1340,15,FALSE
"980","D8","Apartment","2021-12",1223.90909090909,11,FALSE
"981","D8","Apartment","2022-01",1385.375,8,FALSE
"982","D8","Apartment","2022-02",1321.2,5,FALSE
"983","D8","Apartment","2022-03",1280,8,FALSE
"984","D8","Apartment","2022-04",1394.76470588235,17,TRUE
"985","D8","Apartment","2022-05",1332.52941176471,17,TRUE
"986","D8","Apartment","2022-06",1499.66666666667,6,TRUE
"987","D8","Apartment","2022-07",1406.81818181818,11,TRUE
"988","D8","Apartment","2022-08",1288.66666666667,6,TRUE
"989","D8","Apartment","2022-09",1407.44444444444,9,TRUE
"990","D8","Apartment","2022-10",1318.6,5,TRUE
"991","D8","Condominium","2021-10",1628.25,20,FALSE
"992","D8","Condominium","2021-11",1590.42105263158,19,FALSE
"993","D8","Condominium","2021-12",1642.5625,16,FALSE
"994","D8","Condominium","2022-01",1711.5,4,FALSE
"995","D8","Condominium","2022-02",1589.5,8,FALSE
"996","D8","Condominium","2022-03",1628.54545454545,11,FALSE
"997","D8","Condominium","2022-04",1776.8,10,TRUE
"998","D8","Condominium","2022-05",1757.33333333333,15,TRUE
"999","D8","Condominium","2022-06",1697.875,8,TRUE
"1000","D8","Condominium","2022-07",1539.66666666667,9,TRUE
"1001","D8","Condominium","2022-08",1732.16666666667,6,TRUE
"1002","D8","Condominium","2022-09",1612,11,TRUE
"1003","D8","Condominium","2022-10",1767,2,TRUE
"1004","D8","Terrace","2022-05",2928.5,2,TRUE
"1005","D9","Apartment","2021-10",2028.0243902439,41,FALSE
"1006","D9","Apartment","2021-11",2211.13461538462,52,FALSE
"1007","D9","Apartment","2021-12",2177.73529411765,34,FALSE
"1008","D9","Apartment","2022-01",2154.08,25,FALSE
"1009","D9","Apartment","2022-02",2268,17,FALSE
"1010","D9","Apartment","2022-03",1976.45714285714,35,FALSE
"1011","D9","Apartment","2022-04",2025.64705882353,34,TRUE
"1012","D9","Apartment","2022-05",1991.40540540541,37,TRUE
"1013","D9","Apartment","2022-06",2061.85365853659,41,TRUE
"1014","D9","Apartment","2022-07",2171.92857142857,28,TRUE
"1015","D9","Apartment","2022-08",2246.34375,32,TRUE
"1016","D9","Apartment","2022-09",2243.02702702703,37,TRUE
"1017","D9","Apartment","2022-10",1991.15789473684,19,TRUE
"1018","D9","Condominium","2021-10",2372.17142857143,35,FALSE
"1019","D9","Condominium","2021-11",2221.41379310345,29,FALSE
"1020","D9","Condominium","2021-12",2385.78260869565,23,FALSE
"1021","D9","Condominium","2022-01",2418.6,30,FALSE
"1022","D9","Condominium","2022-02",2195.52941176471,17,FALSE
"1023","D9","Condominium","2022-03",2714.5,14,FALSE
"1024","D9","Condominium","2022-04",2284.88235294118,17,TRUE
"1025","D9","Condominium","2022-05",2196,26,TRUE
"1026","D9","Condominium","2022-06",2230.29166666667,24,TRUE
"1027","D9","Condominium","2022-07",2233.54166666667,24,TRUE
"1028","D9","Condominium","2022-08",2440.6875,32,TRUE
"1029","D9","Condominium","2022-09",2590.54545454545,22,TRUE
"1030","D9","Condominium","2022-10",2066.81818181818,11,TRUE
"1031","D9","Terrace","2021-11",4433,2,FALSE
"1032","D9","Terrace","2022-02",3878,1,FALSE
"1033","D9","Terrace","2022-03",3745,1,FALSE
"1034","D9","Terrace","2022-04",2561.5,4,TRUE
"1035","D9","Terrace","2022-05",3117,1,TRUE
"1036","D9","Terrace","2022-06",2604.5,4,TRUE
